{"cameraMode":{"drawMode":0,"name":"Shaded","section":"Shading Mode"},"sceneLighting":true,"audioPlay":false,"sceneViewState":{"m_AlwaysRefresh":false,"showFog":true,"showSkybox":true,"showFlares":true,"showImageEffects":true,"showParticleSystems":true,"showVisualEffectGraphs":true,"m_FxEnabled":true},"in2DMode":false,"pivot":{"x":1.3737483024597169,"y":2.764781951904297,"z":0.10823023319244385},"rotation":{"x":-0.06517932564020157,"y":0.8776286840438843,"z":-0.12484630197286606,"w":-0.458233505487442},"size":1.3319371938705445,"orthographic":false}